abo subject to optimization,cost to serve,cost of good,cost of warehouse,cost of carrier incl penalty,cost of penalty,CG of CTS,CW of CTS,CC of CTS,model gen time,model opt time,total parcels shipped,levelized parcel value,w_T,w_O,w_R,c_T,c_O,c_R,N_T,N_O,N_R,rel warehouse savings vs 80 [%],rel carrier savings vs 80 [%]
80.0,0.96,0.7275,0.103125,0.129375,3.5,75.78125000000001,10.7421875,13.4765625,0.02066433290019631,0.01195474993437529,1.0,76.8,0.635,0.912,1.3,1.5,2.45,10.7,18.0,4.0,2.0,0.0,0.0
100.0,0.9762000000000001,0.7885,0.0825,0.1052,3.5,80.77238270846138,8.451137062077443,10.77648022946118,0.01048820791766047,0.008619458181783557,1.0,97.62,0.635,0.912,1.3,1.5,2.45,10.7,23.0,5.0,3.0,19.999999999999996,18.68599033816425
120.0,0.8861666666666668,0.7274999999999999,0.06875,0.08991666666666666,3.5,82.09516644724467,7.758134286251646,10.14669926650367,0.01133433310315013,0.01278304192237556,1.0,106.34,0.635,0.912,1.3,1.5,2.45,10.7,27.0,6.0,3.0,33.33333333333333,30.499194847020938
140.0,0.9572142857142858,0.7710714285714285,0.07928571428571429,0.1068571428571429,3.5,80.55369002313259,8.282963957913589,11.16334601895381,0.01271674991585314,0.05860216706059873,2.0,67.00500000000001,0.635,0.912,1.3,1.5,2.45,10.7,32.0,7.0,4.0,23.116883116883102,17.405106970324326
160.0,0.8945000000000001,0.7275,0.069375,0.09762500000000002,3.5,81.33035215204025,7.755729457797653,10.9139183901621,0.01504204189404845,0.06815620791167021,2.0,71.56,0.635,0.912,1.3,1.5,2.45,10.7,36.0,8.0,4.0,32.72727272727272,24.541062801932345
180.0,0.8960555555555557,0.7394444444444445,0.06166666666666668,0.09494444444444444,3.5,82.52216504433008,6.882013764027528,10.59582119164238,0.01638733292929828,0.09048600005917251,2.0,80.64500000000001,0.635,0.912,1.3,1.5,2.45,10.7,40.0,8.0,5.0,40.202020202020186,26.612989801395592
200.0,0.8562,0.71525,0.05550000000000001,0.08545,3.5,83.53772483064705,6.482130343377716,9.98014482597524,0.01933612511493266,0.09234662493690848,2.0,85.61999999999999,0.635,0.912,1.3,1.5,2.45,10.7,45.0,9.0,5.0,46.181818181818166,33.95169082125603
220.0,0.8679090909090909,0.7372727272727272,0.05045454545454546,0.08018181818181819,3.5,84.9481512517021,5.813344506127581,9.238504242170317,0.02063083299435675,0.08475108304992318,2.0,95.47,0.635,0.912,1.3,1.5,2.45,10.7,49.0,10.0,6.0,51.07438016528925,38.02371541501975
240.0,0.8377499999999999,0.7172916666666665,0.04625000000000001,0.07420833333333332,3.5,85.62120759972147,5.520740077588781,8.858052322689744,0.03068420803174376,0.08567012497223914,2.0,100.53,0.635,0.912,1.3,1.5,2.45,10.7,54.0,11.0,6.0,55.15151515151513,42.64090177133656
260.0,0.848,0.7357692307692308,0.0426923076923077,0.06953846153846154,3.5,86.76523947750364,5.034470246734399,8.200290275761974,0.02439183299429715,0.1131542918737978,2.0,110.24,0.635,0.912,1.3,1.5,2.45,10.7,58.0,12.0,7.0,58.60139860139859,46.25046451133408
280.0,0.8460714285714286,0.71875,0.04982142857142857,0.0775,3.5,84.9514563106796,5.8885605740818905,9.159983115238497,0.02653358294628561,0.1597918330226094,3.0,78.96666666666667,0.635,0.912,1.3,1.5,2.45,10.7,63.0,13.0,7.0,51.688311688311686,40.09661835748793
300.0,0.8575333333333335,0.7346666666666667,0.04650000000000001,0.07636666666666667,3.5,85.67208271787295,5.422529736453393,8.905387545673635,0.02814549999311566,0.16060308390297,3.0,85.75333333333334,0.635,0.912,1.3,1.5,2.45,10.7,67.0,14.0,8.0,54.90909090909091,40.972624798711756
320.0,0.839625,0.71984375,0.04359375000000001,0.0761875,3.5,85.73395861247582,5.192050022331399,9.073991365192796,0.02945937495678663,0.1596293330658227,3.0,89.56,0.635,0.912,1.3,1.5,2.45,10.7,72.0,15.0,8.0,57.72727272727272,41.1111111111111
340.0,0.8478823529411764,0.7338235294117647,0.04102941176470588,0.07302941176470587,3.5,86.54780074927154,4.839045372554461,8.613153878173998,0.03136908309534192,0.1592156670521945,3.0,96.09333333333332,0.635,0.912,1.3,1.5,2.45,10.7,76.0,16.0,9.0,60.21390374331551,43.552145495879515
360.0,0.8177222222222224,0.7097222222222223,0.03875000000000001,0.06925,3.5,86.79258101773218,4.738773014471092,8.468645967796725,0.03264379198662937,0.1791861250530928,3.0,98.12666666666668,0.635,0.912,1.3,1.5,2.45,10.7,80.0,16.0,9.0,62.424242424242415,46.47342995169082
380.0,0.8294736842105263,0.7267105263157894,0.03671052631578948,0.06605263157894738,3.5,87.61104060913705,4.425761421319798,7.963197969543148,0.04451566701754928,0.150052374927327,3.0,105.0666666666667,0.635,0.912,1.3,1.5,2.45,10.7,85.0,17.0,10.0,64.40191387559808,48.94482583269768
400.0,0.8097999839266458,0.7115,0.03487499548234126,0.0634249884443045,3.5,87.86120204028677,4.306618445858152,7.832179513855082,0.03689562506042421,0.1450592079199851,2.999999365942633,107.9733540106529,0.635,0.912,1.3,1.5,2.45,10.7,89.0,18.0,10.0,66.18182256257816,50.97585434256657
420.0,0.8371190476190477,0.7267857142857144,0.04000000000000001,0.07033333333333333,3.5,86.81987542307802,4.778292897977758,8.401831678944225,0.03902537515386939,0.3295553338248283,4.0,87.89750000000001,0.635,0.912,1.3,1.5,2.45,10.7,94.0,19.0,11.0,61.212121212121204,45.63607085346215
440.0,0.8197727272727274,0.7129545454545454,0.03818181818181818,0.06863636363636363,3.5,86.96978098142498,4.657610202384253,8.372608816190738,0.04039199999533594,0.3083726249169558,4.0,90.17500000000001,0.635,0.912,1.3,1.5,2.45,10.7,98.0,20.0,11.0,62.97520661157026,46.94773825208608
460.0,0.8322173913043479,0.7268478260869564,0.03652173913043479,0.06884782608695653,3.5,87.33869703777229,4.388485450080978,8.2728175121467,0.04254858288913965,0.207454500021413,4.0,95.70500000000001,0.635,0.912,1.3,1.5,2.45,10.7,103.0,21.0,12.0,64.58498023715413,46.78428901491283
480.0,0.8160833294593038,0.7141666666666666,0.03499999888135929,0.06691666391127796,3.5,87.51148821283212,4.288777581640902,8.199734205526978,0.05331641715019941,0.2208322498481721,3.999999811597354,97.93000414768446,0.635,0.912,1.3,1.5,2.45,10.7,107.0,22.0,12.0,66.06060714534856,48.27697475456776
500.0,0.8252799996879476,0.7269,0.03359999990989367,0.06477999977805389,3.5,88.07919739662336,4.0713454733664225,7.849457130010215,0.0465079159475863,0.2225335838738829,3.999999984191873,103.1600003686851,0.635,0.912,1.3,1.5,2.45,10.7,112.0,23.0,13.0,67.41818190555765,49.92850258701148
520.0,0.8097884615384614,0.7151923076923077,0.03230769230769231,0.06228846153846154,3.5,88.318411740958,3.989645918924696,7.691942340117317,0.04819587501697242,0.2756040419917554,4.0,105.2725,0.635,0.912,1.3,1.5,2.45,10.7,116.0,24.0,13.0,68.67132867132867,51.85432924563358
540.0,0.8112222222222223,0.7196296296296297,0.03111111111111111,0.06048148148148148,3.5,88.70930922704653,3.835091083413231,7.455599689540245,0.04912766604684293,0.2072346669156104,4.0,109.515,0.635,0.912,1.3,1.5,2.45,10.7,120.0,24.0,14.0,69.83164983164983,53.25102880658436
560.0,0.8115714285714285,0.7116964285714285,0.03508928571428571,0.06478571428571428,3.5,87.69362788241506,4.3236226016546375,7.982749515930294,0.06082624988630414,0.4019654160365462,5.0,90.89599999999999,0.635,0.912,1.3,1.5,2.45,10.7,125.0,25.0,14.0,65.97402597402598,49.92408557625949
580.0,0.8186896551724137,0.7201724137931034,0.03387931034482759,0.06463793103448276,3.5,87.96647291719316,4.1382360374020735,7.895291045404769,0.05339345801621675,0.4943942499812692,5.0,94.96799999999999,0.635,0.912,1.3,1.5,2.45,10.7,129.0,26.0,15.0,67.14733542319749,50.0383141762452
600.0,0.8104333333333334,0.71275,0.03275,0.06493333333333334,3.5,87.94677744416566,4.041047999012874,8.012174556821455,0.05560145806521177,0.3874744579661638,5.0,97.25200000000001,0.635,0.912,1.3,1.5,2.45,10.7,134.0,27.0,15.0,68.24242424242424,49.809983896940416
620.0,0.8159032258064517,0.7206451612903226,0.03169354838709677,0.06356451612903226,3.5,88.32483295773534,3.884473965128691,7.790693077135965,0.05737391696311533,0.3475266250316054,5.0,101.172,0.635,0.912,1.3,1.5,2.45,10.7,138.0,28.0,16.0,69.26686217008798,50.86800685678665
640.0,0.8061093750000002,0.7136718750000001,0.030703125,0.061734375,3.5,88.53288364249576,3.808803861138569,7.658312496365643,0.05905524990521371,0.2909254170954227,5.0,103.182,0.635,0.912,1.3,1.5,2.45,10.7,143.0,29.0,16.0,70.22727272727273,52.28260869565218
660.0,0.8109545450587685,0.7210606060604889,0.02977272715847898,0.06012121183980052,3.5,88.91504591151097,3.671318859964142,7.413635228524878,0.06201183306984603,0.291473250137642,4.999999973542499,107.0460005141914,0.635,0.912,1.3,1.5,2.45,10.7,147.0,30.0,17.0,71.12947669480828,53.52949809484018
680.0,0.8021323529411767,0.714485294117647,0.02889705882352941,0.05875,3.5,89.07324227701895,3.6025300210835067,7.324227701897515,0.06331195798702538,0.2632124170195311,5.0,109.09,0.635,0.912,1.3,1.5,2.45,10.7,152.0,31.0,17.0,71.97860962566844,54.589371980676326
700.0,0.8166000000000001,0.7214285714285714,0.03214285714285714,0.06302857142857143,3.5,88.34540428956298,3.936181379237955,7.718414331199049,0.07286887499503791,0.4837108328938484,6.0,95.27000000000002,0.635,0.912,1.3,1.5,2.45,10.7,156.0,32.0,18.0,68.83116883116884,51.28226363008971
720.0,0.8031666666666666,0.7097222222222223,0.03125,0.06219444444444445,3.5,88.36549768278344,3.8908487238016187,7.743653593414956,0.06675037508830428,0.48782266699709,6.0,96.38,0.635,0.912,1.3,1.5,2.45,10.7,160.0,32.0,18.0,69.6969696969697,51.92699946323134
740.0,0.8113513513513514,0.7184459459459459,0.03040540540540541,0.0625,3.5,88.54930046635575,3.7475016655562956,7.7031978680879405,0.06766404211521149,0.5782887500245124,6.0,100.0666666666667,0.635,0.912,1.3,1.5,2.45,10.7,165.0,33.0,19.0,70.51597051597052,51.690821256038646
760.0,0.8011184101115133,0.7106578947368422,0.02960525994323624,0.06085525543143484,3.5,88.7082216270527,3.6954911495686726,7.5962872233786225,0.08269224991090596,0.7585926249157637,5.999999142757733,101.4750131122367,0.635,0.912,1.3,1.5,2.45,10.7,169.0,34.0,19.0,71.29186914595273,52.962121405654216
780.0,0.8079743515895572,0.7189102564102564,0.02884615177054389,0.06021794340875693,3.5,88.97686603490794,3.5701816170022993,7.452952348089761,0.07354775001294911,1.013245749985799,5.999999431938328,105.036675651194,0.635,0.912,1.3,1.5,2.45,10.7,174.0,35.0,20.0,72.02797404068471,53.45472973236179
800.0,0.7983374962398451,0.7115,0.02812499891424099,0.05871249732560412,3.5,89.12270854759447,3.5229460030011395,7.3543454494044065,0.07497858395799994,1.321085416013375,5.999999695225539,106.4450049055992,0.635,0.912,1.3,1.5,2.45,10.7,178.0,36.0,20.0,72.72727378012995,54.6183595550886
820.0,0.8043780477977454,0.7193292682926828,0.02743902411402933,0.05760975539103317,3.5,89.4267652209167,3.4112099639159537,7.162024815167345,0.07519495813176036,1.244975249981508,5.999999920527737,109.931667988445,0.635,0.912,1.3,1.5,2.45,10.7,183.0,37.0,21.0,73.39246146518367,55.470720470699
840.0,0.8029880952380956,0.7122619047619048,0.03017857142857143,0.06054761904761905,3.5,88.7014277030733,3.7582837911965714,7.540288505730083,0.08168020797893405,0.8078089589253068,7.0,96.35857142857147,0.635,0.912,1.3,1.5,2.45,10.7,187.0,38.0,21.0,70.73593073593074,53.19990798251667
860.0,0.8097325559606896,0.7197093023255814,0.02947674337749056,0.06054651025761742,3.5,88.8823472673268,3.6403060690228166,7.477346663650361,0.08793629193678498,0.63139916700311,6.999999756014695,99.4814317711715,0.635,0.912,1.3,1.5,2.45,10.7,192.0,39.0,22.0,71.41649127031218,53.20076501826673
880.0,0.8026022727272728,0.7129545454545454,0.02880681818181818,0.06084090909090908,3.5,88.83036712964928,3.5891772501380452,7.580455620212659,0.08067104103974998,0.6680127501022071,7.0,100.8985714285714,0.635,0.912,1.3,1.5,2.45,10.7,196.0,40.0,22.0,72.06611570247934,52.97321036451472
900.0,0.8038222222222222,0.7156666666666667,0.02816666666666667,0.05998888888888889,3.5,89.03295366581887,3.5040915625345574,7.462954771646578,0.08218370797112584,1.315531707834452,7.0,103.3485714285714,0.635,0.912,1.3,1.5,2.45,10.7,200.0,40.0,23.0,72.68686868686869,53.631776704240465
920.0,0.7972717391304348,0.7109239130434782,0.02755434782608696,0.05879347826086957,3.5,89.16958649743009,3.456079837489264,7.374333665080643,0.08430916699580848,0.5799870409537107,7.0,104.7842857142857,0.635,0.912,1.3,1.5,2.45,10.7,205.0,41.0,23.0,73.28063241106719,54.555765595463136
940.0,0.8045851063829789,0.7161702127659574,0.02696808510638298,0.0614468085106383,3.5,89.01111977892661,3.351800187753699,7.63708003331967,0.08626695815473795,0.5676552078220993,7.0,108.0442857142857,0.635,0.912,1.3,1.5,2.45,10.7,209.0,42.0,24.0,73.84912959381045,52.50488231061774
960.0,0.7984687500000002,0.7116145833333333,0.02640625,0.06044791666666666,3.5,89.12240877721678,3.307111267660757,7.570479955122433,0.08817945793271065,0.8753720831591636,7.0,109.5042857142857,0.635,0.912,1.3,1.5,2.45,10.7,214.0,43.0,24.0,74.39393939393939,53.27697262479872
980.0,0.8083163265306123,0.7166326530612245,0.02877551020408164,0.06290816326530613,3.5,88.65745124029539,3.559931831092597,7.782616928612006,0.09122004103846848,4.235797291854396,8.0,99.01875,0.635,0.912,1.3,1.5,2.45,10.7,218.0,44.0,25.0,72.0964749536178,51.375332741792356
1000.0,0.8033100000000002,0.71225,0.0282,0.06286,3.5,88.66440104069412,3.510475407999402,7.825123551306468,0.1047229999676347,0.8444890410173684,8.0,100.41375,0.635,0.912,1.3,1.5,2.45,10.7,223.0,45.0,25.0,72.65454545454546,51.41256038647343
